seed,algo,n_agents,avg_reward,reward_std,collapse_count,final_resource
1,PPO,3,-43.605872316535,0.3692685042983723,2,0.9731558080244692
1,SAC,3,-5.0883674391179605,0.09828133214698583,300,0.0
1,EGP,3,-43.605872316535,0.3692685042983723,2,0.9731558080244692
1,FPRL,3,-5.070243954559645,0.09644883649846815,300,0.02499997615814209
1,ICRL,3,-43.605872316535,0.3692685042983723,2,0.9731558080244692
2,PPO,3,-43.68529833777495,0.3538132466826398,2,0.9886861919134269
2,SAC,3,-5.104703655412216,0.125834181595509,300,0.0
2,EGP,3,-43.68529833777495,0.3538132466826398,2,0.9886861919134269
2,FPRL,3,-5.050566253084031,0.09620133803242513,300,0.0
2,ICRL,3,-43.68529833777495,0.3538132466826398,2,0.9886861919134269
3,PPO,3,-43.658241789293,0.2827845243859494,16,0.9906869092606974
3,SAC,3,-5.070708015236462,0.10191872976090016,300,0.04022026062011719
3,EGP,3,-43.658241789293,0.2827845243859494,16,0.9906869092606974
3,FPRL,3,-5.069523107454039,0.10577237216790089,300,0.0
3,ICRL,3,-43.658241789293,0.2827845243859494,16,0.9906869092606974
4,PPO,3,-43.692433681126474,0.28285877617344407,3,0.9833033858382249
4,SAC,3,-5.064743120282309,0.0915881497531362,300,0.04134512868581863
4,EGP,3,-43.692433681126474,0.28285877617344407,3,0.9833033858382249
4,FPRL,3,-5.104240994391197,0.12087699292002863,300,0.0
4,ICRL,3,-43.692433681126474,0.28285877617344407,3,0.9833033858382249
5,PPO,3,-43.69237780554915,0.3090928800873696,7,0.9758289225710975
5,SAC,3,-5.047931430427587,0.09391476422568075,300,0.0
5,EGP,3,-43.69237780554915,0.3090928800873696,7,0.9758289225710975
5,FPRL,3,-5.087089206722275,0.1227996327642899,300,0.02499997615814209
5,ICRL,3,-43.69237780554915,0.3090928800873696,7,0.9758289225710975
6,PPO,3,-43.69196384646542,0.34427033249146016,4,0.9811540081796746
6,SAC,3,-5.052602796823359,0.08118875389170375,300,0.0
6,EGP,3,-43.69196384646542,0.34427033249146016,4,0.9811540081796746
6,FPRL,3,-5.075822885492007,0.10321499170452669,300,0.02499997615814209
6,ICRL,3,-43.69196384646542,0.34427033249146016,4,0.9811540081796746
7,PPO,3,-43.7275124277426,0.345654305176471,2,0.9766452241298963
7,SAC,3,-5.09195589498213,0.12516916989652102,300,0.0
7,EGP,3,-43.7275124277426,0.345654305176471,2,0.9766452241298963
7,FPRL,3,-5.0709344590841505,0.07431412614614863,300,0.02499997615814209
7,ICRL,3,-43.7275124277426,0.345654305176471,2,0.9766452241298963
8,PPO,3,-43.66263987273999,0.3265956391584739,2,0.9768539116658591
8,SAC,3,-5.069313225097605,0.10396432083279483,300,0.0
8,EGP,3,-43.66263987273999,0.3265956391584739,2,0.9768539116658591
8,FPRL,3,-5.051775358290088,0.08342493214144406,300,0.009949154544179287
8,ICRL,3,-43.66263987273999,0.3265956391584739,2,0.9768539116658591
9,PPO,3,-43.72412921963101,0.33533298685332097,3,0.9702107641694367
9,SAC,3,-5.078364311884613,0.11878258712868012,300,0.0
9,EGP,3,-43.72412921963101,0.33533298685332097,3,0.9702107641694367
9,FPRL,3,-5.078094767989511,0.09350229749628568,300,0.0
9,ICRL,3,-43.72412921963101,0.33533298685332097,3,0.9702107641694367
10,PPO,3,-43.63940629369499,0.3475779290191965,2,0.9829997212350721
10,SAC,3,-5.0423721542058,0.08015219217087999,300,0.039139154385131616
10,EGP,3,-43.63940629369499,0.3475779290191965,2,0.9829997212350721
10,FPRL,3,-5.061151932422478,0.08675108245948857,300,0.0
10,ICRL,3,-43.63940629369499,0.3475779290191965,2,0.9829997212350721
11,PPO,3,-43.67796498884749,0.36597503299981987,4,0.9631649848154317
11,SAC,3,-5.071059862803635,0.09829645105847803,300,0.03451821347485083
11,EGP,3,-43.67796498884749,0.36597503299981987,4,0.9631649848154317
11,FPRL,3,-5.086364385797275,0.09262347751399257,300,0.0
11,ICRL,3,-43.67796498884749,0.36597503299981987,4,0.9631649848154317
12,PPO,3,-43.62358850176043,0.313734785951548,4,0.9628659689088427
12,SAC,3,-5.0681483868918225,0.08566353800990986,300,0.0
12,EGP,3,-43.62358850176043,0.313734785951548,4,0.9628659689088427
12,FPRL,3,-5.0673877552519695,0.08126584645906161,300,0.0
12,ICRL,3,-43.62358850176043,0.313734785951548,4,0.9628659689088427
13,PPO,3,-43.72069539867753,0.27076749292863866,3,0.9652624322072374
13,SAC,3,-5.04844088575391,0.08496739042141585,300,0.0
13,EGP,3,-43.72069539867753,0.27076749292863866,3,0.9652624322072374
13,FPRL,3,-5.056483319624372,0.08351127015390189,300,0.0
13,ICRL,3,-43.72069539867753,0.27076749292863866,3,0.9652624322072374
14,PPO,3,-43.629813803761316,0.366599724256701,14,0.9872094707654285
14,SAC,3,-5.093007087142211,0.09823715550019801,300,0.0
14,EGP,3,-43.629813803761316,0.366599724256701,14,0.9872094707654285
14,FPRL,3,-5.07624646877833,0.08234238221968228,300,0.0
14,ICRL,3,-43.629813803761316,0.366599724256701,14,0.9872094707654285
15,PPO,3,-43.610518587317294,0.3570270197814986,1,0.9747966281308273
15,SAC,3,-5.077077190444007,0.10575658702319421,300,0.02499997615814209
15,EGP,3,-43.610518587317294,0.3570270197814986,1,0.9747966281308273
15,FPRL,3,-5.069555423789852,0.10586280874819963,300,0.0
15,ICRL,3,-43.610518587317294,0.3570270197814986,1,0.9747966281308273
16,PPO,3,-43.73636329810746,0.37673114805114416,7,0.9732038690692614
16,SAC,3,-5.070691065010236,0.09599080425090066,300,0.0
16,EGP,3,-43.73636329810746,0.37673114805114416,7,0.9732038690692614
16,FPRL,3,-5.0623498555216475,0.09969562479861488,300,0.0
16,ICRL,3,-43.73636329810746,0.37673114805114416,7,0.9732038690692614
17,PPO,3,-43.66785319085644,0.3738325413377381,11,0.9922268102175796
17,SAC,3,-5.062616616454504,0.1148230050458805,300,0.0
17,EGP,3,-43.66785319085644,0.3738325413377381,11,0.9922268102175796
17,FPRL,3,-5.065546213205331,0.09487939696160207,300,0.0
17,ICRL,3,-43.66785319085644,0.3738325413377381,11,0.9922268102175796
18,PPO,3,-43.70663540297397,0.3615236123049092,3,0.9757332374311553
18,SAC,3,-5.056866037186053,0.10622485390442611,300,0.0
18,EGP,3,-43.70663540297397,0.3615236123049092,3,0.9757332374311553
18,FPRL,3,-5.073244347111097,0.0782474763842127,300,0.0
18,ICRL,3,-43.70663540297397,0.3615236123049092,3,0.9757332374311553
19,PPO,3,-43.76745365050447,0.2712652961804023,5,0.9735815775701034
19,SAC,3,-5.063105574797457,0.10447368177369826,300,0.032537554024082524
19,EGP,3,-43.76745365050447,0.2712652961804023,5,0.9735815775701034
19,FPRL,3,-5.077327259677886,0.08431240856935242,300,0.0
19,ICRL,3,-43.76745365050447,0.2712652961804023,5,0.9735815775701034
20,PPO,3,-43.67054136065616,0.40866772964611753,14,0.9683400341393694
20,SAC,3,-5.096022078986427,0.1183928493602767,300,0.0
20,EGP,3,-43.67054136065616,0.40866772964611753,14,0.9683400341393694
20,FPRL,3,-5.072567082661199,0.09083647132431771,300,0.0
20,ICRL,3,-43.67054136065616,0.40866772964611753,14,0.9683400341393694
21,PPO,3,-43.678315510847234,0.30210736458147086,10,0.9931026672521333
21,SAC,3,-5.05199713524576,0.0900326789075301,300,0.0
21,EGP,3,-43.678315510847234,0.30210736458147086,10,0.9931026672521333
21,FPRL,3,-5.06126793945163,0.08146046374674537,300,0.0
21,ICRL,3,-43.678315510847234,0.30210736458147086,10,0.9931026672521333
22,PPO,3,-43.61689547957304,0.337638468272634,4,0.9750790413437724
22,SAC,3,-5.0744017441255975,0.09227341425651026,300,0.0
22,EGP,3,-43.61689547957304,0.337638468272634,4,0.9750790413437724
22,FPRL,3,-5.069778244013126,0.07852650579525378,300,0.0031725720688697834
22,ICRL,3,-43.61689547957304,0.337638468272634,4,0.9750790413437724
23,PPO,3,-43.645756174867294,0.29871494065119253,6,0.9643398486216849
23,SAC,3,-5.072476038013783,0.11876345418820208,300,0.0
23,EGP,3,-43.645756174867294,0.29871494065119253,6,0.9643398486216849
23,FPRL,3,-5.072435196373073,0.08659037904980016,300,0.0
23,ICRL,3,-43.645756174867294,0.29871494065119253,6,0.9643398486216849
24,PPO,3,-43.73745473065816,0.2853627521741676,7,0.9674513736856495
24,SAC,3,-5.055341493679831,0.10054109798688256,300,0.009949154544179287
24,EGP,3,-43.73745473065816,0.2853627521741676,7,0.9674513736856495
24,FPRL,3,-5.082612074349692,0.1058990934012758,300,0.0
24,ICRL,3,-43.73745473065816,0.2853627521741676,7,0.9674513736856495
25,PPO,3,-43.70328922169185,0.39372727491204823,1,0.9752194159103812
25,SAC,3,-5.062910367516217,0.07895864001232238,300,0.0
25,EGP,3,-43.70328922169185,0.39372727491204823,1,0.9752194159103812
25,FPRL,3,-5.061921303248385,0.1029835953945323,300,0.02681922867894171
25,ICRL,3,-43.70328922169185,0.39372727491204823,1,0.9752194159103812
26,PPO,3,-43.71513641615737,0.26638723931795677,1,0.9685798271711837
26,SAC,3,-5.08802463886305,0.10041599811420052,300,0.0
26,EGP,3,-43.71513641615737,0.26638723931795677,1,0.9685798271711837
26,FPRL,3,-5.079276638553012,0.08881999768796625,300,0.0
26,ICRL,3,-43.71513641615737,0.26638723931795677,1,0.9685798271711837
27,PPO,3,-43.59205476326007,0.37807310817521117,10,0.9859372685974016
27,SAC,3,-5.086511516624035,0.13301192951358645,300,0.04200524529888182
27,EGP,3,-43.59205476326007,0.37807310817521117,10,0.9859372685974016
27,FPRL,3,-5.048667945770843,0.09133679784759567,300,0.0
27,ICRL,3,-43.59205476326007,0.37807310817521117,10,0.9859372685974016
28,PPO,3,-43.61492443985261,0.333432039448101,1,0.978801861437034
28,SAC,3,-5.0514586053391035,0.07461030796872148,300,0.03891594669261621
28,EGP,3,-43.61492443985261,0.333432039448101,1,0.978801861437034
28,FPRL,3,-5.060690160021326,0.09024685825517713,300,0.0
28,ICRL,3,-43.61492443985261,0.333432039448101,1,0.978801861437034
29,PPO,3,-43.72270231964662,0.2896898926675842,35,0.9511229742702986
29,SAC,3,-5.052392925245283,0.09182075526076483,300,0.0
29,EGP,3,-43.72270231964662,0.2896898926675842,35,0.9511229742702986
29,FPRL,3,-5.069482601249985,0.105078354225597,300,0.00017340794818027083
29,ICRL,3,-43.72270231964662,0.2896898926675842,35,0.9511229742702986
30,PPO,3,-43.64057142188253,0.30715479792792083,1,0.9805201845659919
30,SAC,3,-5.057374714962953,0.08313871996410821,300,0.02499997615814209
30,EGP,3,-43.64057142188253,0.30715479792792083,1,0.9805201845659919
30,FPRL,3,-5.063438314967544,0.10799422417281908,300,0.0
30,ICRL,3,-43.64057142188253,0.30715479792792083,1,0.9805201845659919
31,PPO,3,-43.7508708058766,0.33632718498748043,8,0.9684118896206106
31,SAC,3,-5.042349585433477,0.08802347025287732,300,0.0
31,EGP,3,-43.7508708058766,0.33632718498748043,8,0.9684118896206106
31,FPRL,3,-5.084097239307052,0.1609531902734935,300,0.0
31,ICRL,3,-43.7508708058766,0.33632718498748043,8,0.9684118896206106
32,PPO,3,-43.75275848430637,0.40095310137786294,4,0.975653467424135
32,SAC,3,-5.098581097622943,0.12243368988362109,300,0.0
32,EGP,3,-43.75275848430637,0.40095310137786294,4,0.975653467424135
32,FPRL,3,-5.090181966862811,0.10929128541118052,300,0.019550717434519846
32,ICRL,3,-43.75275848430637,0.40095310137786294,4,0.975653467424135
33,PPO,3,-43.70647183064495,0.34434294798603,2,0.9849054915353825
33,SAC,3,-5.081308482281997,0.11315951404658026,300,0.0
33,EGP,3,-43.70647183064495,0.34434294798603,2,0.9849054915353825
33,FPRL,3,-5.0836300256392155,0.09552015496223447,300,0.0
33,ICRL,3,-43.70647183064495,0.34434294798603,2,0.9849054915353825
34,PPO,3,-43.61261041697257,0.30881210365923867,8,0.9471161963527487
34,SAC,3,-5.055303066169298,0.09220139482768938,300,0.0
34,EGP,3,-43.61261041697257,0.30881210365923867,8,0.9471161963527487
34,FPRL,3,-5.0921782206664465,0.12465622420663876,300,0.0
34,ICRL,3,-43.61261041697257,0.30881210365923867,8,0.9471161963527487
35,PPO,3,-43.70165451267729,0.3325328201344141,10,0.9830023263201634
35,SAC,3,-5.077879775353277,0.10097476925884863,300,0.0
35,EGP,3,-43.70165451267729,0.3325328201344141,10,0.9830023263201634
35,FPRL,3,-5.082279626955307,0.0884362630139604,300,0.0
35,ICRL,3,-43.70165451267729,0.3325328201344141,10,0.9830023263201634
36,PPO,3,-43.747902221843496,0.2846029873092451,3,0.9638789599900386
36,SAC,3,-5.074134233376592,0.11401225615191755,300,0.019550717434519846
36,EGP,3,-43.747902221843496,0.2846029873092451,3,0.9638789599900386
36,FPRL,3,-5.064313745447712,0.11768832004527753,300,0.049489508370954574
36,ICRL,3,-43.747902221843496,0.2846029873092451,3,0.9638789599900386
37,PPO,3,-43.665408897436556,0.33108831346026146,4,0.9909480929041025
37,SAC,3,-5.050350301677057,0.08395701508920701,300,0.0
37,EGP,3,-43.665408897436556,0.33108831346026146,4,0.9909480929041025
37,FPRL,3,-5.059779428341545,0.1005428371344952,300,0.0
37,ICRL,3,-43.665408897436556,0.33108831346026146,4,0.9909480929041025
38,PPO,3,-43.64671271088933,0.3555431173014063,4,0.9841835674899456
38,SAC,3,-5.083126976373658,0.11365076792166814,300,0.0
38,EGP,3,-43.64671271088933,0.3555431173014063,4,0.9841835674899456
38,FPRL,3,-5.0584633726247015,0.09433122925468944,300,0.0
38,ICRL,3,-43.64671271088933,0.3555431173014063,4,0.9841835674899456
39,PPO,3,-43.73690234101881,0.36273944829078925,1,0.9800329238299956
39,SAC,3,-5.0705218227024,0.11040962947889811,300,0.0
39,EGP,3,-43.73690234101881,0.36273944829078925,1,0.9800329238299956
39,FPRL,3,-5.0761128799573,0.11806475137219956,300,0.0
39,ICRL,3,-43.73690234101881,0.36273944829078925,1,0.9800329238299956
40,PPO,3,-43.70448776519984,0.40491067734113756,6,0.9907809565711551
40,SAC,3,-5.097638110159855,0.10247473860833443,300,0.0
40,EGP,3,-43.70448776519984,0.40491067734113756,6,0.9907809565711551
40,FPRL,3,-5.054963655537827,0.08840366683323556,300,0.0
40,ICRL,3,-43.70448776519984,0.40491067734113756,6,0.9907809565711551
41,PPO,3,-43.69034516091317,0.3411526134384193,11,0.974696394218336
41,SAC,3,-5.091502128546554,0.12453810273622758,300,0.0
41,EGP,3,-43.69034516091317,0.3411526134384193,11,0.974696394218336
41,FPRL,3,-5.073643002469487,0.100226120435944,300,0.0
41,ICRL,3,-43.69034516091317,0.3411526134384193,11,0.974696394218336
42,PPO,3,-43.670048859131455,0.3452016091545144,2,0.9955616091127157
42,SAC,3,-5.090352272338578,0.12188690871892652,300,0.030071869267066134
42,EGP,3,-43.670048859131455,0.3452016091545144,2,0.9955616091127157
42,FPRL,3,-5.074151535746042,0.11427359206229903,300,0.0
42,ICRL,3,-43.670048859131455,0.3452016091545144,2,0.9955616091127157
43,PPO,3,-43.647445897463164,0.35665711704630537,1,0.9930530823129238
43,SAC,3,-5.069958279264522,0.09224037777593064,300,0.0
43,EGP,3,-43.647445897463164,0.35665711704630537,1,0.9930530823129238
43,FPRL,3,-5.063190389979723,0.08645013451170411,300,0.01716223282842573
43,ICRL,3,-43.647445897463164,0.35665711704630537,1,0.9930530823129238
44,PPO,3,-43.72408930631418,0.32166302478300535,2,0.9747636199589702
44,SAC,3,-5.098117936523906,0.10992123900000006,300,0.0
44,EGP,3,-43.72408930631418,0.32166302478300535,2,0.9747636199589702
44,FPRL,3,-5.081121093876969,0.11626130713904176,300,0.0
44,ICRL,3,-43.72408930631418,0.32166302478300535,2,0.9747636199589702
45,PPO,3,-43.59840852719153,0.28932928767312743,1,0.9779926079269208
45,SAC,3,-5.075412393393229,0.10971387722491777,300,0.03368336696902752
45,EGP,3,-43.59840852719153,0.28932928767312743,1,0.9779926079269208
45,FPRL,3,-5.061441057698399,0.10693722571373912,300,0.0
45,ICRL,3,-43.59840852719153,0.28932928767312743,1,0.9779926079269208
46,PPO,3,-43.60730729915847,0.35387450027799716,3,0.9834204867065653
46,SAC,3,-5.071197764194956,0.09702879533344047,300,0.0
46,EGP,3,-43.60730729915847,0.35387450027799716,3,0.9834204867065653
46,FPRL,3,-5.065894761312055,0.10707750521557109,300,0.0
46,ICRL,3,-43.60730729915847,0.35387450027799716,3,0.9834204867065653
47,PPO,3,-43.68776759786122,0.34422229267817966,2,0.98835184578401
47,SAC,3,-5.067805614557593,0.09787128742289034,300,0.0
47,EGP,3,-43.68776759786122,0.34422229267817966,2,0.98835184578401
47,FPRL,3,-5.0530820968220596,0.08057746121519416,300,0.0
47,ICRL,3,-43.68776759786122,0.34422229267817966,2,0.98835184578401
48,PPO,3,-43.75058730000286,0.33603911642457396,12,0.9837975080502037
48,SAC,3,-5.102794260640223,0.1214208888908932,300,0.0
48,EGP,3,-43.75058730000286,0.33603911642457396,12,0.9837975080502037
48,FPRL,3,-5.066979769031037,0.09945998987559682,300,0.0
48,ICRL,3,-43.75058730000286,0.33603911642457396,12,0.9837975080502037
49,PPO,3,-43.70046899488059,0.37689706880059043,6,0.9635704882866587
49,SAC,3,-5.065093527650368,0.09809138273412352,300,0.0
49,EGP,3,-43.70046899488059,0.37689706880059043,6,0.9635704882866587
49,FPRL,3,-5.051488030362554,0.10351861867268243,300,0.0
49,ICRL,3,-43.70046899488059,0.37689706880059043,6,0.9635704882866587
50,PPO,3,-43.61759812817799,0.3420780657423292,2,0.9575704216346297
50,SAC,3,-5.068935867046741,0.08996544647466367,300,0.0
50,EGP,3,-43.61759812817799,0.3420780657423292,2,0.9575704216346297
50,FPRL,3,-5.084151756777313,0.10702146292771048,300,0.0
50,ICRL,3,-43.61759812817799,0.3420780657423292,2,0.9575704216346297
1,PPO,5,-40.52864649309486,0.413484000987394,1,0.937711598294653
1,SAC,5,-5.1448215695276085,0.05995813538930385,300,0.03360840628766232
1,EGP,5,-40.52864649309486,0.413484000987394,1,0.937711598294653
1,FPRL,5,-5.137807353846904,0.06428964181790443,300,0.0
1,ICRL,5,-40.52864649309486,0.413484000987394,1,0.937711598294653
2,PPO,5,-40.55964025218195,0.4266386849849294,3,0.9827408491880832
2,SAC,5,-5.14470748068551,0.0700572801406048,300,0.0
2,EGP,5,-40.55964025218195,0.4266386849849294,3,0.9827408491880832
2,FPRL,5,-5.132940507983221,0.06703890997420044,300,0.0
2,ICRL,5,-40.55964025218195,0.4266386849849294,3,0.9827408491880832
3,PPO,5,-40.58807723314868,0.3646282347275623,5,0.9379247382020539
3,SAC,5,-5.132155550875281,0.05641078791687099,300,0.0
3,EGP,5,-40.58807723314868,0.3646282347275623,5,0.9379247382020539
3,FPRL,5,-5.140985391712557,0.07069403519159528,300,0.0
3,ICRL,5,-40.58807723314868,0.3646282347275623,5,0.9379247382020539
4,PPO,5,-40.51154805460974,0.3987438040189526,1,0.9538410143731615
4,SAC,5,-5.142258514226456,0.05797651367192738,300,0.02499997615814209
4,EGP,5,-40.51154805460974,0.3987438040189526,1,0.9538410143731615
4,FPRL,5,-5.135783246174124,0.06600761425304169,300,0.0
4,ICRL,5,-40.51154805460974,0.3987438040189526,1,0.9538410143731615
5,PPO,5,-40.58258387829584,0.3959930149389684,1,0.9584176721679541
5,SAC,5,-5.124614997199951,0.04472867493590704,300,0.0
5,EGP,5,-40.58258387829584,0.3959930149389684,1,0.9584176721679541
5,FPRL,5,-5.128823712020607,0.05327489244104926,300,0.026323936218986238
5,ICRL,5,-40.58258387829584,0.3959930149389684,1,0.9584176721679541
6,PPO,5,-40.513661404352405,0.48902705303669247,2,0.9831656640383708
6,SAC,5,-5.141012612103993,0.06775000885737018,300,0.0
6,EGP,5,-40.513661404352405,0.48902705303669247,2,0.9831656640383708
6,FPRL,5,-5.141357008317763,0.06508263381542907,300,0.0
6,ICRL,5,-40.513661404352405,0.48902705303669247,2,0.9831656640383708
7,PPO,5,-40.5279776911887,0.36479397232850047,1,0.923192469069875
7,SAC,5,-5.1455852565363225,0.06289516784944062,300,0.0
7,EGP,5,-40.5279776911887,0.36479397232850047,1,0.923192469069875
7,FPRL,5,-5.133078284647764,0.05380269144066849,300,0.0
7,ICRL,5,-40.5279776911887,0.36479397232850047,1,0.923192469069875
8,PPO,5,-40.435066026639014,0.43381801984434654,1,0.8909599614333206
8,SAC,5,-5.130583162178889,0.06214552229000605,300,0.02499997615814209
8,EGP,5,-40.435066026639014,0.43381801984434654,1,0.8909599614333206
8,FPRL,5,-5.1385096288291665,0.06339491616442268,300,0.02499997615814209
8,ICRL,5,-40.435066026639014,0.43381801984434654,1,0.8909599614333206
9,PPO,5,-40.538009421742494,0.42578139574248625,3,0.9475957555827703
9,SAC,5,-5.136321392529632,0.06076727570079411,300,0.0
9,EGP,5,-40.538009421742494,0.42578139574248625,3,0.9475957555827703
9,FPRL,5,-5.125068806928612,0.05050529324923351,300,0.0
9,ICRL,5,-40.538009421742494,0.42578139574248625,3,0.9475957555827703
10,PPO,5,-40.51685824428509,0.4101749044393891,5,0.9446863600976191
10,SAC,5,-5.1355897629993255,0.059682062441528655,300,0.02499997615814209
10,EGP,5,-40.51685824428509,0.4101749044393891,5,0.9446863600976191
10,FPRL,5,-5.137694090554781,0.0641362604259593,300,0.02499997615814209
10,ICRL,5,-40.51685824428509,0.4101749044393891,5,0.9446863600976191
11,PPO,5,-40.40232661298127,0.4373681649227842,2,0.9672158514520732
11,SAC,5,-5.136825230197737,0.05944983328852083,300,0.0
11,EGP,5,-40.40232661298127,0.4373681649227842,2,0.9672158514520732
11,FPRL,5,-5.125936186046706,0.05109734686780991,300,0.0
11,ICRL,5,-40.40232661298127,0.4373681649227842,2,0.9672158514520732
12,PPO,5,-40.46470605854683,0.4310547382546938,2,0.9513739247354845
12,SAC,5,-5.134192715440813,0.058133941002517356,300,0.0
12,EGP,5,-40.46470605854683,0.4310547382546938,2,0.9513739247354845
12,FPRL,5,-5.141789366790911,0.05872127894772986,300,0.0
12,ICRL,5,-40.46470605854683,0.4310547382546938,2,0.9513739247354845
13,PPO,5,-40.51080874987137,0.37302794120691607,3,0.9597817147311175
13,SAC,5,-5.137478306262421,0.049521896147619655,300,0.046707332134246826
13,EGP,5,-40.51080874987137,0.37302794120691607,3,0.9597817147311175
13,FPRL,5,-5.129634541893749,0.054139178404865096,300,0.0
13,ICRL,5,-40.51080874987137,0.37302794120691607,3,0.9597817147311175
14,PPO,5,-40.49204610346193,0.3892824914002003,1,0.9782781021592634
14,SAC,5,-5.155854525552339,0.08511570902113473,300,0.0
14,EGP,5,-40.49204610346193,0.3892824914002003,1,0.9782781021592634
14,FPRL,5,-5.135191171571789,0.05848681721631001,300,0.0
14,ICRL,5,-40.49204610346193,0.3892824914002003,1,0.9782781021592634
15,PPO,5,-40.49507637081853,0.4171288527119031,2,0.9705707266347678
15,SAC,5,-5.142079868962585,0.07893438349802377,300,0.0
15,EGP,5,-40.49507637081853,0.4171288527119031,2,0.9705707266347678
15,FPRL,5,-5.1358040185882485,0.07157757933589139,300,0.0
15,ICRL,5,-40.49507637081853,0.4171288527119031,2,0.9705707266347678
16,PPO,5,-40.51724250054338,0.36441092962528654,1,0.951170347532537
16,SAC,5,-5.143460889491364,0.06306216651460177,300,0.0
16,EGP,5,-40.51724250054338,0.36441092962528654,1,0.951170347532537
16,FPRL,5,-5.122487514936695,0.04890569980452941,300,0.0
16,ICRL,5,-40.51724250054338,0.36441092962528654,1,0.951170347532537
17,PPO,5,-40.57309702667503,0.4360202197331028,2,0.955138330621682
17,SAC,5,-5.14622686274709,0.06533214918321685,300,0.0
17,EGP,5,-40.57309702667503,0.4360202197331028,2,0.955138330621682
17,FPRL,5,-5.128592024216554,0.07718292421720549,300,0.0
17,ICRL,5,-40.57309702667503,0.4360202197331028,2,0.955138330621682
18,PPO,5,-40.48339629008671,0.426736306664596,1,0.9744167042303553
18,SAC,5,-5.1318394773617495,0.060478390431910736,300,0.0
18,EGP,5,-40.48339629008671,0.426736306664596,1,0.9744167042303553
18,FPRL,5,-5.140436116014234,0.07625934941398385,300,0.0
18,ICRL,5,-40.48339629008671,0.426736306664596,1,0.9744167042303553
19,PPO,5,-40.48626197967501,0.4619450677832668,3,0.9612906776490185
19,SAC,5,-5.1421197331006505,0.05358535341950465,300,0.0
19,EGP,5,-40.48626197967501,0.4619450677832668,3,0.9612906776490185
19,FPRL,5,-5.135298946877116,0.06270383938543166,300,0.02499997615814209
19,ICRL,5,-40.48626197967501,0.4619450677832668,3,0.9612906776490185
20,PPO,5,-40.5548656478683,0.428537315919836,1,0.9511725302615328
20,SAC,5,-5.140809727535209,0.0669932801572378,300,0.02499997615814209
20,EGP,5,-40.5548656478683,0.428537315919836,1,0.9511725302615328
20,FPRL,5,-5.13519526036863,0.059010694709587364,300,0.004138969664943204
20,ICRL,5,-40.5548656478683,0.428537315919836,1,0.9511725302615328
21,PPO,5,-40.43097404271681,0.43979700369680486,3,0.9041751983981744
21,SAC,5,-5.13815710729417,0.07863747226766916,300,0.0
21,EGP,5,-40.43097404271681,0.43979700369680486,3,0.9041751983981744
21,FPRL,5,-5.13296539758106,0.0602130319562224,300,0.0
21,ICRL,5,-40.43097404271681,0.43979700369680486,3,0.9041751983981744
22,PPO,5,-40.498862206180824,0.3717483074893057,10,0.9197196991512252
22,SAC,5,-5.149650196424902,0.07522362590540663,300,0.0
22,EGP,5,-40.498862206180824,0.3717483074893057,10,0.9197196991512252
22,FPRL,5,-5.131369188602658,0.05283473491889442,300,0.0025930083614795763
22,ICRL,5,-40.498862206180824,0.3717483074893057,10,0.9197196991512252
23,PPO,5,-40.53879539648928,0.45222891730811043,3,0.9640161259351437
23,SAC,5,-5.135336468337677,0.05969780620812752,300,0.02499997615814209
23,EGP,5,-40.53879539648928,0.45222891730811043,3,0.9640161259351437
23,FPRL,5,-5.150245530207198,0.0614507095683572,300,0.0
23,ICRL,5,-40.53879539648928,0.45222891730811043,3,0.9640161259351437
24,PPO,5,-40.572728574543646,0.4311283175022926,1,0.983573742815067
24,SAC,5,-5.162847949113401,0.07727488022303843,300,0.0
24,EGP,5,-40.572728574543646,0.4311283175022926,1,0.983573742815067
24,FPRL,5,-5.130639361332411,0.056666199082205895,300,0.033637940883636475
24,ICRL,5,-40.572728574543646,0.4311283175022926,1,0.983573742815067
25,PPO,5,-40.49134478666415,0.4091626424223702,2,0.9388006907450062
25,SAC,5,-5.1248257872915035,0.05658695726130056,300,0.0
25,EGP,5,-40.49134478666415,0.4091626424223702,2,0.9388006907450062
25,FPRL,5,-5.1477921573241705,0.07315149030872785,300,0.02499997615814209
25,ICRL,5,-40.49134478666415,0.4091626424223702,2,0.9388006907450062
26,PPO,5,-40.58421346941681,0.37537430221194074,2,0.9467261446889207
26,SAC,5,-5.139395128789841,0.054927076705478944,300,0.0
26,EGP,5,-40.58421346941681,0.37537430221194074,2,0.9467261446889207
26,FPRL,5,-5.137950547634439,0.05580738142645921,300,0.0
26,ICRL,5,-40.58421346941681,0.37537430221194074,2,0.9467261446889207
27,PPO,5,-40.44803164111729,0.4301530040682466,1,0.9314821812558715
27,SAC,5,-5.130870989322131,0.05890079543019385,300,0.0
27,EGP,5,-40.44803164111729,0.4301530040682466,1,0.9314821812558715
27,FPRL,5,-5.13746662031638,0.05727480981101016,300,0.0
27,ICRL,5,-40.44803164111729,0.4301530040682466,1,0.9314821812558715
28,PPO,5,-40.46268969270285,0.3880347993983726,1,0.9443156130620287
28,SAC,5,-5.141776163240295,0.049131048458629686,300,0.0
28,EGP,5,-40.46268969270285,0.3880347993983726,1,0.9443156130620287
28,FPRL,5,-5.1412729868817975,0.06689004579408618,300,0.0
28,ICRL,5,-40.46268969270285,0.3880347993983726,1,0.9443156130620287
29,PPO,5,-40.462150721491845,0.4855338638232388,6,0.9619041757249339
29,SAC,5,-5.162244065782642,0.09456344026569669,300,0.0
29,EGP,5,-40.462150721491845,0.4855338638232388,6,0.9619041757249339
29,FPRL,5,-5.129639396552266,0.054732392817505804,300,0.047962231326856855
29,ICRL,5,-40.462150721491845,0.4855338638232388,6,0.9619041757249339
30,PPO,5,-40.57617483744683,0.41266380374783146,1,0.9340971520244131
30,SAC,5,-5.13271099123633,0.058739332036146785,300,0.0
30,EGP,5,-40.57617483744683,0.41266380374783146,1,0.9340971520244131
30,FPRL,5,-5.127135710483128,0.06066001727507245,300,0.02499997615814209
30,ICRL,5,-40.57617483744683,0.41266380374783146,1,0.9340971520244131
31,PPO,5,-40.47446841727101,0.42079649491299514,3,0.9721771295912629
31,SAC,5,-5.128655485288523,0.07107675478150119,300,0.02499997615814209
31,EGP,5,-40.47446841727101,0.42079649491299514,3,0.9721771295912629
31,FPRL,5,-5.137685722012931,0.07796489189064632,300,0.0
31,ICRL,5,-40.47446841727101,0.42079649491299514,3,0.9721771295912629
32,PPO,5,-40.51734397457697,0.35323023653460356,2,0.948150044314332
32,SAC,5,-5.138876668665995,0.060626479209470764,300,0.02499997615814209
32,EGP,5,-40.51734397457697,0.35323023653460356,2,0.948150044314332
32,FPRL,5,-5.139092147703209,0.06097164315502081,300,0.0
32,ICRL,5,-40.51734397457697,0.35323023653460356,2,0.948150044314332
33,PPO,5,-40.49291240879703,0.4684839866093202,3,0.9571389454732452
33,SAC,5,-5.141549273045869,0.06238151636818471,300,0.0
33,EGP,5,-40.49291240879703,0.4684839866093202,3,0.9571389454732452
33,FPRL,5,-5.137781380381036,0.05178746585004028,300,0.0
33,ICRL,5,-40.49291240879703,0.4684839866093202,3,0.9571389454732452
34,PPO,5,-40.55359580687458,0.3814742351166584,2,0.9438823502359462
34,SAC,5,-5.140983329285857,0.05617017387750099,300,0.0
34,EGP,5,-40.55359580687458,0.3814742351166584,2,0.9438823502359462
34,FPRL,5,-5.126851782312151,0.05851056214563405,300,0.0
34,ICRL,5,-40.55359580687458,0.3814742351166584,2,0.9438823502359462
35,PPO,5,-40.554340793832864,0.353347106397088,2,0.9274864436287119
35,SAC,5,-5.153540532380064,0.08001556426544341,300,0.02499997615814209
35,EGP,5,-40.554340793832864,0.353347106397088,2,0.9274864436287119
35,FPRL,5,-5.150911104051896,0.0796733007055372,300,0.0
35,ICRL,5,-40.554340793832864,0.353347106397088,2,0.9274864436287119
36,PPO,5,-40.604913575452215,0.4294327424245328,3,0.9621729803390876
36,SAC,5,-5.148876455746206,0.07804804009334818,300,0.0
36,EGP,5,-40.604913575452215,0.4294327424245328,3,0.9621729803390876
36,FPRL,5,-5.1341231551083135,0.05396094165798128,300,0.0
36,ICRL,5,-40.604913575452215,0.4294327424245328,3,0.9621729803390876
37,PPO,5,-40.482545659144165,0.3649746274991619,3,0.9543722518160618
37,SAC,5,-5.137351421722891,0.058882592450086105,300,0.0
37,EGP,5,-40.482545659144165,0.3649746274991619,3,0.9543722518160618
37,FPRL,5,-5.136671213870155,0.05598126840628068,300,0.0
37,ICRL,5,-40.482545659144165,0.3649746274991619,3,0.9543722518160618
38,PPO,5,-40.40735470181998,0.35250096547478516,1,0.9435075120324575
38,SAC,5,-5.140377262939737,0.07016811065860389,300,0.038526177406311035
38,EGP,5,-40.40735470181998,0.35250096547478516,1,0.9435075120324575
38,FPRL,5,-5.12642800306855,0.04769370779028797,300,0.0
38,ICRL,5,-40.40735470181998,0.35250096547478516,1,0.9435075120324575
39,PPO,5,-40.48680273211567,0.44711359849442844,5,0.9573129382029458
39,SAC,5,-5.129162277248125,0.05946902693875185,300,0.0
39,EGP,5,-40.48680273211567,0.44711359849442844,5,0.9573129382029458
39,FPRL,5,-5.139976745617493,0.0604564455776448,300,0.0
39,ICRL,5,-40.48680273211567,0.44711359849442844,5,0.9573129382029458
40,PPO,5,-40.548494860697275,0.4482275077267953,3,0.9635137451453042
40,SAC,5,-5.132520383590478,0.04753761276941568,300,0.0
40,EGP,5,-40.548494860697275,0.4482275077267953,3,0.9635137451453042
40,FPRL,5,-5.132874433259807,0.06276996054899296,300,0.0
40,ICRL,5,-40.548494860697275,0.4482275077267953,3,0.9635137451453042
41,PPO,5,-40.56677140969329,0.3729149466657629,1,0.9695229676048667
41,SAC,5,-5.134016755810626,0.06674629720090648,300,0.0
41,EGP,5,-40.56677140969329,0.3729149466657629,1,0.9695229676048667
41,FPRL,5,-5.137796959160739,0.05383042331555139,300,0.0
41,ICRL,5,-40.56677140969329,0.3729149466657629,1,0.9695229676048667
42,PPO,5,-40.48219353316462,0.41106048637881726,5,0.9460439212286299
42,SAC,5,-5.140509166160038,0.08001088254177836,300,0.0
42,EGP,5,-40.48219353316462,0.41106048637881726,5,0.9460439212286299
42,FPRL,5,-5.148101245411116,0.07013319670671736,300,0.0
42,ICRL,5,-40.48219353316462,0.41106048637881726,5,0.9460439212286299
43,PPO,5,-40.58396298768387,0.3960485307228315,3,0.9584372638565148
43,SAC,5,-5.123888551807914,0.05429441556387465,300,0.0
43,EGP,5,-40.58396298768387,0.3960485307228315,3,0.9584372638565148
43,FPRL,5,-5.131067823068131,0.06941764036163298,300,0.0
43,ICRL,5,-40.58396298768387,0.3960485307228315,3,0.9584372638565148
44,PPO,5,-40.56182583176994,0.3621661892324986,2,0.9637310210035862
44,SAC,5,-5.123829489414185,0.05076085819331464,300,0.02499997615814209
44,EGP,5,-40.56182583176994,0.3621661892324986,2,0.9637310210035862
44,FPRL,5,-5.1260589768252345,0.0509691036692449,300,0.02499997615814209
44,ICRL,5,-40.56182583176994,0.3621661892324986,2,0.9637310210035862
45,PPO,5,-40.50729901226776,0.38721165847798217,3,0.9743911873712635
45,SAC,5,-5.1343005928136085,0.0622391094465788,300,0.022087118740218736
45,EGP,5,-40.50729901226776,0.38721165847798217,3,0.9743911873712635
45,FPRL,5,-5.135712276641478,0.062437231594698064,300,0.02499997615814209
45,ICRL,5,-40.50729901226776,0.38721165847798217,3,0.9743911873712635
46,PPO,5,-40.48079380493007,0.3555042030984918,3,0.9618170393121256
46,SAC,5,-5.127649001131439,0.053603524368190957,300,0.0
46,EGP,5,-40.48079380493007,0.3555042030984918,3,0.9618170393121256
46,FPRL,5,-5.1273684575237475,0.0582037890049734,300,0.0
46,ICRL,5,-40.48079380493007,0.3555042030984918,3,0.9618170393121256
47,PPO,5,-40.425130229133956,0.3865296067283617,2,0.9634549508679702
47,SAC,5,-5.141234828313333,0.06175545566645024,300,0.0
47,EGP,5,-40.425130229133956,0.3865296067283617,2,0.9634549508679702
47,FPRL,5,-5.13297834099688,0.049432481374502985,300,0.02499997615814209
47,ICRL,5,-40.425130229133956,0.3865296067283617,2,0.9634549508679702
48,PPO,5,-40.515268697098016,0.3456251619188794,2,0.9740347656102457
48,SAC,5,-5.141532821463188,0.06251828283805745,300,0.0
48,EGP,5,-40.515268697098016,0.3456251619188794,2,0.9740347656102457
48,FPRL,5,-5.124961905055005,0.06472269697805816,300,0.02499997615814209
48,ICRL,5,-40.515268697098016,0.3456251619188794,2,0.9740347656102457
49,PPO,5,-40.57845084004234,0.4369966176083692,1,0.9671075500019647
49,SAC,5,-5.149303815279158,0.06935338426467057,300,0.0
49,EGP,5,-40.57845084004234,0.4369966176083692,1,0.9671075500019647
49,FPRL,5,-5.129970117885444,0.059201995552018674,300,0.0
49,ICRL,5,-40.57845084004234,0.4369966176083692,1,0.9671075500019647
50,PPO,5,-40.59968959059293,0.4263237966706283,1,0.9318748028785294
50,SAC,5,-5.139657398427944,0.05842987465279182,300,0.02499997615814209
50,EGP,5,-40.59968959059293,0.4263237966706283,1,0.9318748028785294
50,FPRL,5,-5.126050317316963,0.05942741290245654,300,0.0
50,ICRL,5,-40.59968959059293,0.4263237966706283,1,0.9318748028785294
1,PPO,10,-32.626206468874535,0.5368059595981802,10,0.8968659450553915
1,SAC,10,-5.15039514101575,0.02041795142420066,300,0.0
1,EGP,10,-32.626206468874535,0.5368059595981802,10,0.8968659450553915
1,FPRL,10,-5.159529238596445,0.039968426670263416,300,0.0
1,ICRL,10,-32.626206468874535,0.5368059595981802,10,0.8968659450553915
2,PPO,10,-32.490697148586264,0.539301464989269,3,0.8954457089333177
2,SAC,10,-5.170943152027837,0.042929652214672646,300,0.01933586597442627
2,EGP,10,-32.490697148586264,0.539301464989269,3,0.8954457089333177
2,FPRL,10,-5.159541891105382,0.035070840680968905,300,0.0
2,ICRL,10,-32.490697148586264,0.539301464989269,3,0.8954457089333177
3,PPO,10,-32.40042343967439,0.4655012628541333,8,0.9156294429239443
3,SAC,10,-5.152824800155784,0.02850026077601884,300,0.0
3,EGP,10,-32.40042343967439,0.4655012628541333,8,0.9156294429239443
3,FPRL,10,-5.158973111215586,0.033467063054415915,300,0.0
3,ICRL,10,-32.40042343967439,0.4655012628541333,8,0.9156294429239443
4,PPO,10,-32.54430756149159,0.538182897670828,4,0.8916609744081955
4,SAC,10,-5.164091876921591,0.04255757585826118,300,0.0
4,EGP,10,-32.54430756149159,0.538182897670828,4,0.8916609744081955
4,FPRL,10,-5.159483020331131,0.030781855693031757,300,0.0
4,ICRL,10,-32.54430756149159,0.538182897670828,4,0.8916609744081955
5,PPO,10,-32.553395452293366,0.5387160056989146,8,0.9319815433339979
5,SAC,10,-5.157851407511269,0.04968032987982371,300,0.0
5,EGP,10,-32.553395452293366,0.5387160056989146,8,0.9319815433339979
5,FPRL,10,-5.159459171639958,0.052535398866804514,300,0.0
5,ICRL,10,-32.553395452293366,0.5387160056989146,8,0.9319815433339979
6,PPO,10,-32.564742913154205,0.528002541120499,1,0.9183847759678262
6,SAC,10,-5.161531597380851,0.03423640714266298,300,0.0
6,EGP,10,-32.564742913154205,0.528002541120499,1,0.9183847759678262
6,FPRL,10,-5.167368172505177,0.045219129111724335,300,0.0
6,ICRL,10,-32.564742913154205,0.528002541120499,1,0.9183847759678262
7,PPO,10,-32.57259133552401,0.5645478714937202,22,0.9050353867876952
7,SAC,10,-5.167809765179576,0.040295767751795476,300,0.0
7,EGP,10,-32.57259133552401,0.5645478714937202,22,0.9050353867876952
7,FPRL,10,-5.157632997730279,0.03259340422650474,300,0.0
7,ICRL,10,-32.57259133552401,0.5645478714937202,22,0.9050353867876952
8,PPO,10,-32.56337929659201,0.592381118856523,3,0.9510986175792873
8,SAC,10,-5.156199686365801,0.041266310610807426,300,0.0
8,EGP,10,-32.56337929659201,0.592381118856523,3,0.9510986175792873
8,FPRL,10,-5.1546977220174535,0.041485087789185845,300,0.02499997615814209
8,ICRL,10,-32.56337929659201,0.592381118856523,3,0.9510986175792873
9,PPO,10,-32.584628512237884,0.5295555095209157,11,0.9201221807110528
9,SAC,10,-5.153856775532604,0.023492837997353723,300,0.0
9,EGP,10,-32.584628512237884,0.5295555095209157,11,0.9201221807110528
9,FPRL,10,-5.152465935694038,0.025886790556614907,300,0.0
9,ICRL,10,-32.584628512237884,0.5295555095209157,11,0.9201221807110528
10,PPO,10,-32.58254795050129,0.5777057887956256,5,0.9113892633640023
10,SAC,10,-5.1649437141221295,0.04297585575427769,300,0.0
10,EGP,10,-32.58254795050129,0.5777057887956256,5,0.9113892633640023
10,FPRL,10,-5.159370295753967,0.031196939639119035,300,0.0
10,ICRL,10,-32.58254795050129,0.5777057887956256,5,0.9113892633640023
11,PPO,10,-32.60539436810696,0.5641151901248797,6,0.9051213557961805
11,SAC,10,-5.16162972567841,0.03799388681678569,300,0.0
11,EGP,10,-32.60539436810696,0.5641151901248797,6,0.9051213557961805
11,FPRL,10,-5.162955396733473,0.03756471073653374,300,0.0
11,ICRL,10,-32.60539436810696,0.5641151901248797,6,0.9051213557961805
12,PPO,10,-32.51167401053098,0.4994374736832094,9,0.897225531363338
12,SAC,10,-5.155380336992346,0.03055965700490376,300,0.0
12,EGP,10,-32.51167401053098,0.4994374736832094,9,0.897225531363338
12,FPRL,10,-5.165011076884454,0.04086968775430192,300,0.0
12,ICRL,10,-32.51167401053098,0.4994374736832094,9,0.897225531363338
13,PPO,10,-32.55274574073031,0.5322994281814051,4,0.917463787000596
13,SAC,10,-5.15914633118845,0.03308066533892116,300,0.0287855863571167
13,EGP,10,-32.55274574073031,0.5322994281814051,4,0.917463787000596
13,FPRL,10,-5.1510753273712355,0.02397422937086432,300,0.0
13,ICRL,10,-32.55274574073031,0.5322994281814051,4,0.917463787000596
14,PPO,10,-32.504538970236254,0.5396034247504308,5,0.9046253493494364
14,SAC,10,-5.169776658444644,0.050682671936820356,300,0.0
14,EGP,10,-32.504538970236254,0.5396034247504308,5,0.9046253493494364
14,FPRL,10,-5.163212078533467,0.03790035186692642,300,0.0
14,ICRL,10,-32.504538970236254,0.5396034247504308,5,0.9046253493494364
15,PPO,10,-32.60794100557925,0.550698985276855,4,0.9424992485589587
15,SAC,10,-5.162220601333633,0.040062971920486634,300,0.0
15,EGP,10,-32.60794100557925,0.550698985276855,4,0.9424992485589587
15,FPRL,10,-5.167532004741282,0.0479134968624384,300,0.0
15,ICRL,10,-32.60794100557925,0.550698985276855,4,0.9424992485589587
16,PPO,10,-32.54406374561206,0.5408357132596822,5,0.9442282119989468
16,SAC,10,-5.16784578257549,0.039106138282843254,300,0.0
16,EGP,10,-32.54406374561206,0.5408357132596822,5,0.9442282119989468
16,FPRL,10,-5.168102528548658,0.03366098636385977,300,0.0
16,ICRL,10,-32.54406374561206,0.5408357132596822,5,0.9442282119989468
17,PPO,10,-32.58346262076522,0.5121911690262594,8,0.8827337133870593
17,SAC,10,-5.163183273470354,0.04603463219370588,300,0.0
17,EGP,10,-32.58346262076522,0.5121911690262594,8,0.8827337133870593
17,FPRL,10,-5.157088676310834,0.04078230485203056,300,0.0
17,ICRL,10,-32.58346262076522,0.5121911690262594,8,0.8827337133870593
18,PPO,10,-32.485830457076986,0.6458340981193292,4,0.893698780276365
18,SAC,10,-5.155148924685713,0.03926749282756921,300,0.0
18,EGP,10,-32.485830457076986,0.6458340981193292,4,0.893698780276365
18,FPRL,10,-5.153491795840298,0.0320041336374698,300,0.0
18,ICRL,10,-32.485830457076986,0.6458340981193292,4,0.893698780276365
19,PPO,10,-32.53979007575867,0.5325758480745764,7,0.8950232936031918
19,SAC,10,-5.171311095111598,0.04607032811949863,300,0.0
19,EGP,10,-32.53979007575867,0.5325758480745764,7,0.8950232936031918
19,FPRL,10,-5.159478548004215,0.029490193696848535,300,0.02499997615814209
19,ICRL,10,-32.53979007575867,0.5325758480745764,7,0.8950232936031918
20,PPO,10,-32.51659225312306,0.6733894373305419,5,0.9199143985162472
20,SAC,10,-5.1567081115658375,0.03657880980199323,300,0.0
20,EGP,10,-32.51659225312306,0.6733894373305419,5,0.9199143985162472
20,FPRL,10,-5.155835959814664,0.026615426186117057,300,0.0
20,ICRL,10,-32.51659225312306,0.6733894373305419,5,0.9199143985162472
21,PPO,10,-32.71899375022934,0.4530519592591865,1,0.9326300502421685
21,SAC,10,-5.155016100774509,0.034831013865156926,300,0.0
21,EGP,10,-32.71899375022934,0.4530519592591865,1,0.9326300502421685
21,FPRL,10,-5.156988156997389,0.03096465055247651,300,0.0
21,ICRL,10,-32.71899375022934,0.4530519592591865,1,0.9326300502421685
22,PPO,10,-32.57313090722084,0.5645766118431955,2,0.9028642827478247
22,SAC,10,-5.167167977023891,0.04098302504708404,300,0.0
22,EGP,10,-32.57313090722084,0.5645766118431955,2,0.9028642827478247
22,FPRL,10,-5.1649529273724175,0.038436580586090355,300,0.0
22,ICRL,10,-32.57313090722084,0.5645766118431955,2,0.9028642827478247
23,PPO,10,-32.614550534366,0.46174562448171996,4,0.9338994640272678
23,SAC,10,-5.152410371964673,0.035828406256815375,300,0.0
23,EGP,10,-32.614550534366,0.46174562448171996,4,0.9338994640272678
23,FPRL,10,-5.165854974348466,0.04387107497952963,300,0.0
23,ICRL,10,-32.614550534366,0.46174562448171996,4,0.9338994640272678
24,PPO,10,-32.51284943341663,0.5300701220481763,5,0.8883176988497311
24,SAC,10,-5.161473892389718,0.028061542031611625,300,0.0
24,EGP,10,-32.51284943341663,0.5300701220481763,5,0.8883176988497311
24,FPRL,10,-5.162980249283796,0.036369593950291886,300,0.0
24,ICRL,10,-32.51284943341663,0.5300701220481763,5,0.8883176988497311
25,PPO,10,-32.523858746856156,0.5413239343168866,13,0.8929255195894208
25,SAC,10,-5.153997495528953,0.0372518637356931,300,0.0
25,EGP,10,-32.523858746856156,0.5413239343168866,13,0.8929255195894208
25,FPRL,10,-5.156188031221553,0.04622435380605054,300,0.0
25,ICRL,10,-32.523858746856156,0.5413239343168866,13,0.8929255195894208
26,PPO,10,-32.62430611598835,0.5525793750113231,22,0.8949926704488236
26,SAC,10,-5.163109546216307,0.03355217485452372,300,0.0
26,EGP,10,-32.62430611598835,0.5525793750113231,22,0.8949926704488236
26,FPRL,10,-5.163756105992795,0.033319678829632056,300,0.0
26,ICRL,10,-32.62430611598835,0.5525793750113231,22,0.8949926704488236
27,PPO,10,-32.63079851143169,0.4965632204934879,17,0.8840983017217943
27,SAC,10,-5.16811233751985,0.0431286488356608,300,0.0
27,EGP,10,-32.63079851143169,0.4965632204934879,17,0.8840983017217943
27,FPRL,10,-5.16642264878613,0.0464198028874864,300,0.02499997615814209
27,ICRL,10,-32.63079851143169,0.4965632204934879,17,0.8840983017217943
28,PPO,10,-32.66363393679165,0.4758995607168113,2,0.891531800357225
28,SAC,10,-5.163179573905224,0.0340862520012262,300,0.0
28,EGP,10,-32.66363393679165,0.4758995607168113,2,0.891531800357225
28,FPRL,10,-5.157038456966473,0.03463207259041187,300,0.0
28,ICRL,10,-32.66363393679165,0.4758995607168113,2,0.891531800357225
29,PPO,10,-32.48971021868084,0.6013843350938312,28,0.9476329347618953
29,SAC,10,-5.162646134815479,0.042665473966135174,300,0.0
29,EGP,10,-32.48971021868084,0.6013843350938312,28,0.9476329347618953
29,FPRL,10,-5.163646638163183,0.0373083821962483,300,0.0
29,ICRL,10,-32.48971021868084,0.6013843350938312,28,0.9476329347618953
30,PPO,10,-32.7093998372771,0.5745743046367704,7,0.9487085083418549
30,SAC,10,-5.158630852556624,0.03778886517573916,300,0.0
30,EGP,10,-32.7093998372771,0.5745743046367704,7,0.9487085083418549
30,FPRL,10,-5.160867913187213,0.04629490860595845,300,0.0
30,ICRL,10,-32.7093998372771,0.5745743046367704,7,0.9487085083418549
31,PPO,10,-32.75060841868873,0.5538583651961051,2,0.9424753450289437
31,SAC,10,-5.152488589482073,0.03168632539822064,300,0.0
31,EGP,10,-32.75060841868873,0.5538583651961051,2,0.9424753450289437
31,FPRL,10,-5.159238601573071,0.03866244779111175,300,0.0
31,ICRL,10,-32.75060841868873,0.5538583651961051,2,0.9424753450289437
32,PPO,10,-32.66956248201789,0.5275449264719244,1,0.9210344451661229
32,SAC,10,-5.155484072064521,0.021575246854882574,300,0.0
32,EGP,10,-32.66956248201789,0.5275449264719244,1,0.9210344451661229
32,FPRL,10,-5.1529789178576895,0.024847240283490307,300,0.0
32,ICRL,10,-32.66956248201789,0.5275449264719244,1,0.9210344451661229
33,PPO,10,-32.562288210152175,0.5517873107923588,1,0.8863207223884746
33,SAC,10,-5.1626394797689725,0.02760071626346675,300,0.0
33,EGP,10,-32.562288210152175,0.5517873107923588,1,0.8863207223884746
33,FPRL,10,-5.157731701573211,0.022981642421381374,300,0.0
33,ICRL,10,-32.562288210152175,0.5517873107923588,1,0.8863207223884746
34,PPO,10,-32.677472504853554,0.5880083072424556,12,0.9187577520473799
34,SAC,10,-5.151407047686531,0.037696504721348,300,0.0
34,EGP,10,-32.677472504853554,0.5880083072424556,12,0.9187577520473799
34,FPRL,10,-5.16161122402765,0.045172851963753084,300,0.0
34,ICRL,10,-32.677472504853554,0.5880083072424556,12,0.9187577520473799
35,PPO,10,-32.53410205772368,0.5384045071421935,1,0.9275222611625752
35,SAC,10,-5.170624996005178,0.04560918395259004,300,0.017289400100708008
35,EGP,10,-32.53410205772368,0.5384045071421935,1,0.9275222611625752
35,FPRL,10,-5.1591063512623405,0.03275059460942136,300,0.0
35,ICRL,10,-32.53410205772368,0.5384045071421935,1,0.9275222611625752
36,PPO,10,-32.636217659282785,0.513824981709373,2,0.9264858998958122
36,SAC,10,-5.170567505531158,0.040331898108947654,300,0.0
36,EGP,10,-32.636217659282785,0.513824981709373,2,0.9264858998958122
36,FPRL,10,-5.172390312253087,0.041890589989468166,300,0.02499997615814209
36,ICRL,10,-32.636217659282785,0.513824981709373,2,0.9264858998958122
37,PPO,10,-32.64790918377678,0.5541196264238621,1,0.9152402078263617
37,SAC,10,-5.166434761300145,0.039885134105284985,300,0.0
37,EGP,10,-32.64790918377678,0.5541196264238621,1,0.9152402078263617
37,FPRL,10,-5.16174350427621,0.04048787075232889,300,0.0
37,ICRL,10,-32.64790918377678,0.5541196264238621,1,0.9152402078263617
38,PPO,10,-32.53473658171853,0.6228665403539324,2,0.8865393384626982
38,SAC,10,-5.161852318444254,0.03906450563648613,300,0.0
38,EGP,10,-32.53473658171853,0.6228665403539324,2,0.8865393384626982
38,FPRL,10,-5.15979042209765,0.04082647117601462,300,0.0
38,ICRL,10,-32.53473658171853,0.6228665403539324,2,0.8865393384626982
39,PPO,10,-32.706142338479566,0.5314819467390905,2,0.8955328271113183
39,SAC,10,-5.166981463033912,0.04248868336969786,300,0.0
39,EGP,10,-32.706142338479566,0.5314819467390905,2,0.8955328271113183
39,FPRL,10,-5.160011107696838,0.027929959754916866,300,0.0
39,ICRL,10,-32.706142338479566,0.5314819467390905,2,0.8955328271113183
40,PPO,10,-32.71760153915366,0.4883126086070171,17,0.9038986396651403
40,SAC,10,-5.166367286550539,0.03893244049903369,300,0.0
40,EGP,10,-32.71760153915366,0.4883126086070171,17,0.9038986396651403
40,FPRL,10,-5.155999743753683,0.029192698749735523,300,0.0
40,ICRL,10,-32.71760153915366,0.4883126086070171,17,0.9038986396651403
41,PPO,10,-32.57590877250062,0.5776456788152476,6,0.8964658719987679
41,SAC,10,-5.1606976429216225,0.03550710000629824,300,0.0
41,EGP,10,-32.57590877250062,0.5776456788152476,6,0.8964658719987679
41,FPRL,10,-5.156754569786165,0.042700864382672746,300,0.0
41,ICRL,10,-32.57590877250062,0.5776456788152476,6,0.8964658719987679
42,PPO,10,-32.50457711080387,0.4298545061073635,3,0.9265312095159363
42,SAC,10,-5.164823188849472,0.03845247594914787,300,0.0
42,EGP,10,-32.50457711080387,0.4298545061073635,3,0.9265312095159363
42,FPRL,10,-5.1672144355422684,0.03472674510849426,300,0.0
42,ICRL,10,-32.50457711080387,0.4298545061073635,3,0.9265312095159363
43,PPO,10,-32.62926291360333,0.6078919947758061,9,0.9112263692013571
43,SAC,10,-5.151341204982097,0.0353268067463532,300,0.0
43,EGP,10,-32.62926291360333,0.6078919947758061,9,0.9112263692013571
43,FPRL,10,-5.149470505162355,0.03923615985358875,300,0.0
43,ICRL,10,-32.62926291360333,0.6078919947758061,9,0.9112263692013571
44,PPO,10,-32.518716416224485,0.6051672952376855,3,0.9267145574040381
44,SAC,10,-5.162493918075272,0.041718780104118974,300,0.0
44,EGP,10,-32.518716416224485,0.6051672952376855,3,0.9267145574040381
44,FPRL,10,-5.155078463936614,0.027364210266501827,300,0.0
44,ICRL,10,-32.518716416224485,0.6051672952376855,3,0.9267145574040381
45,PPO,10,-32.62268296666869,0.5166070855579625,3,0.9163969447356135
45,SAC,10,-5.151833183167999,0.02542502402375807,300,0.0
45,EGP,10,-32.62268296666869,0.5166070855579625,3,0.9163969447356135
45,FPRL,10,-5.1558222967104905,0.04086497622136229,300,0.0
45,ICRL,10,-32.62268296666869,0.5166070855579625,3,0.9163969447356135
46,PPO,10,-32.609343264541145,0.5513454396447725,5,0.8894277551955964
46,SAC,10,-5.164198517603224,0.04168131528050471,300,0.0
46,EGP,10,-32.609343264541145,0.5513454396447725,5,0.8894277551955964
46,FPRL,10,-5.163541618283041,0.041818878332632835,300,0.0
46,ICRL,10,-32.609343264541145,0.5513454396447725,5,0.8894277551955964
47,PPO,10,-32.63934194898201,0.5845827432112785,1,0.922420005963152
47,SAC,10,-5.162698248427223,0.034342483465134604,300,0.0
47,EGP,10,-32.63934194898201,0.5845827432112785,1,0.922420005963152
47,FPRL,10,-5.16240038355078,0.04170897646432735,300,0.0
47,ICRL,10,-32.63934194898201,0.5845827432112785,1,0.922420005963152
48,PPO,10,-32.60114915224045,0.4752293793602148,30,0.9135503286474318
48,SAC,10,-5.161831958628923,0.029925046811707594,300,0.0
48,EGP,10,-32.60114915224045,0.4752293793602148,30,0.9135503286474318
48,FPRL,10,-5.156224150961054,0.032381748898154,300,0.0
48,ICRL,10,-32.60114915224045,0.4752293793602148,30,0.9135503286474318
49,PPO,10,-32.526517948393774,0.5128556116238171,2,0.9018437085844943
49,SAC,10,-5.157997841408669,0.03699476771800923,300,0.0
49,EGP,10,-32.526517948393774,0.5128556116238171,2,0.9018437085844943
49,FPRL,10,-5.163518705652455,0.03872368291746105,300,0.02499997615814209
49,ICRL,10,-32.526517948393774,0.5128556116238171,2,0.9018437085844943
50,PPO,10,-32.520677888153195,0.5525741851055067,25,0.9371539306681544
50,SAC,10,-5.1537730382460625,0.027179569406120246,300,0.0
50,EGP,10,-32.520677888153195,0.5525741851055067,25,0.9371539306681544
50,FPRL,10,-5.1543301433521425,0.02995577027460764,300,0.0026007890701293945
50,ICRL,10,-32.520677888153195,0.5525741851055067,25,0.9371539306681544
